GivenName,Surname,City,SAM,UPN,DEP,DISP,PATH,Des,PASS,localP
Richard,Davis,Los Angeles,RichardD,RichardD@testlab.local,Sales,Richard Davis,"OU=Sales,DC=testlab,DC=local",Sales User,Pa55w.rd,testlab Ltd
George,Staub,Tampa,GeorgeS,GeorgeS@testlab.local,Sales,George Staub,"OU=Sales,DC=testlab,DC=local",Sales User,Pa55w.rd,testlab Ltd
Tia,Teeple,Northfork,TiaT,TiaT@testlab.local,Sales,Tia Teeple,"OU=Sales,DC=testlab,DC=local",Sales User,Pa55w.rd,testlab Ltd
Herman,Slater,Houston,HermanS,HermanS@testlab.local,Sales,Herman Slater,"OU=Sales,DC=testlab,DC=local",Sales User,Pa55w.rd,testlab Ltd
Blanche,Bland,Saint Louis,BlancheB,BlancheB@testlab.local,Sales,Blanche Bland,"OU=Sales,DC=testlab,DC=local",Sales User,Pa55w.rd,testlab Ltd
Andre,Kimbrel,Roseburg,AndreK,AndreK@testlab.local,Sales,Andre Kimbrel,"OU=Sales,DC=testlab,DC=local",Sales User,Pa55w.rd,testlab Ltd
Joseph,Young,Kingstree,JosephY,JosephY@testlab.local,Sales,Joseph Young,"OU=Sales,DC=testlab,DC=local",Sales User,Pa55w.rd,testlab Ltd
Robert,Braswell,Mesa,RobertB,RobertB@testlab.local,Sales,Robert Braswell,"OU=Sales,DC=testlab,DC=local",Sales User,Pa55w.rd,testlab Ltd
Clinton,Forney,Boston,ClintonF,ClintonF@testlab.local,Sales,Clinton Forney,"OU=Sales,DC=testlab,DC=local",Sales User,Pa55w.rd,testlab Ltd
Amanda,Jamison,San Antonio,AmandaJ,AmandaJ@testlab.local,Sales,Amanda Jamison,"OU=Sales,DC=testlab,DC=local",Sales User,Pa55w.rd,testlab Ltd
Tammy,Mitchell,Tupelo,TammyM,TammyM@testlab.local,Sales,Tammy Mitchell,"OU=Sales,DC=testlab,DC=local",Sales User,Pa55w.rd,testlab Ltd
Mamie,Poplar,Grand Junction,MamieP,MamieP@testlab.local,Sales,Mamie Poplar,"OU=Sales,DC=testlab,DC=local",Sales User,Pa55w.rd,testlab Ltd
Gary,Santos,Schaumburg,GaryS,GaryS@testlab.local,Sales,Gary Santos,"OU=Sales,DC=testlab,DC=local",Sales User,Pa55w.rd,testlab Ltd
Stacey,Robinson,Dekalb,StaceyR,StaceyR@testlab.local,Sales,Stacey Robinson,"OU=Sales,DC=testlab,DC=local",Sales User,Pa55w.rd,testlab Ltd
Richard,Ruffin,San Francisco,RichardR,RichardR@testlab.local,Sales,Richard Ruffin,"OU=Sales,DC=testlab,DC=local",Sales User,Pa55w.rd,testlab Ltd
Anthony,Denny,Liverpool,AnthonyD,AnthonyD@testlab.local,Sales,Anthony Denny,"OU=Sales,DC=testlab,DC=local",Sales User,Pa55w.rd,testlab Ltd
Graham,Garcia,Boone,GrahamG,GrahamG@testlab.local,Sales,Graham Garcia,"OU=Sales,DC=testlab,DC=local",Sales User,Pa55w.rd,testlab Ltd
Dennis,Jones,Frisco,DennisJ,DennisJ@testlab.local,Sales,Dennis Jones,"OU=Sales,DC=testlab,DC=local",Sales User,Pa55w.rd,testlab Ltd
Thomas,Fry,Laguna Niguel,ThomasF,ThomasF@testlab.local,Sales,Thomas Fry,"OU=Sales,DC=testlab,DC=local",Sales User,Pa55w.rd,testlab Ltd
Robert,Carranza,Stanardsville,RobertC,RobertC@testlab.local,Sales,Robert Carranza,"OU=Sales,DC=testlab,DC=local",Sales User,Pa55w.rd,testlab Ltd
Brant,Hart,Centennial,BrantH,BrantH@testlab.local,Sales,Brant Hart,"OU=Sales,DC=testlab,DC=local",Sales User,Pa55w.rd,testlab Ltd
Nydia,Pettway,Oak Brook,NydiaP,NydiaP@testlab.local,Sales,Nydia Pettway,"OU=Sales,DC=testlab,DC=local",Sales User,Pa55w.rd,testlab Ltd
Arnulfo,Cheek,White Plains,ArnulfoC,ArnulfoC@testlab.local,Sales,Arnulfo Cheek,"OU=Sales,DC=testlab,DC=local",Sales User,Pa55w.rd,testlab Ltd
John,Kennedy,Herndon,JohnK,JohnK@testlab.local,Sales,John Kennedy,"OU=Sales,DC=testlab,DC=local",Sales User,Pa55w.rd,testlab Ltd
Andrea,Inman,Beekmantown,AndreaI,AndreaI@testlab.local,Sales,Andrea Inman,"OU=Sales,DC=testlab,DC=local",Sales User,Pa55w.rd,testlab Ltd
Raquel,Viramontes,Manchester,RaquelV,RaquelV@testlab.local,Sales,Raquel Viramontes,"OU=Sales,DC=testlab,DC=local",Sales User,Pa55w.rd,testlab Ltd
Ronda,Gibbs,Holly Springs,RondaG,RondaG@testlab.local,Sales,Ronda Gibbs,"OU=Sales,DC=testlab,DC=local",Sales User,Pa55w.rd,testlab Ltd
Darlene,Blow,Wausau,DarleneB,DarleneB@testlab.local,Sales,Darlene Blow,"OU=Sales,DC=testlab,DC=local",Sales User,Pa55w.rd,testlab Ltd
Monica,McKenzie,Union City,MonicaM,MonicaM@testlab.local,Sales,Monica McKenzie,"OU=Sales,DC=testlab,DC=local",Sales User,Pa55w.rd,testlab Ltd
Oliver,Horsley,Douglas,OliverH,OliverH@testlab.local,Sales,Oliver Horsley,"OU=Sales,DC=testlab,DC=local",Sales User,Pa55w.rd,testlab Ltd
Elisabeth,Abbott,Mayfield Heights,ElisabethA,ElisabethA@testlab.local,Sales,Elisabeth Abbott,"OU=Sales,DC=testlab,DC=local",Sales User,Pa55w.rd,testlab Ltd
Anthony,Hernandez,Ogden,AnthonyH,AnthonyH@testlab.local,Sales,Anthony Hernandez,"OU=Sales,DC=testlab,DC=local",Sales User,Pa55w.rd,testlab Ltd
Mildred,Foulds,Fuquay Varina,MildredF,MildredF@testlab.local,Sales,Mildred Foulds,"OU=Sales,DC=testlab,DC=local",Sales User,Pa55w.rd,testlab Ltd
Heriberto,Jenkins,Peoria,HeribertoJ,HeribertoJ@testlab.local,Sales,Heriberto Jenkins,"OU=Sales,DC=testlab,DC=local",Sales User,Pa55w.rd,testlab Ltd
Richard,Canales,Houston,RichardC,RichardC@testlab.local,Sales,Richard Canales,"OU=Sales,DC=testlab,DC=local",Sales User,Pa55w.rd,testlab Ltd
Kylie,Ludwig,Bridgeport,KylieL,KylieL@testlab.local,Sales,Kylie Ludwig,"OU=Sales,DC=testlab,DC=local",Sales User,Pa55w.rd,testlab Ltd
James,Thornton,Big Pine,JamesT,JamesT@testlab.local,Sales,James Thornton,"OU=Sales,DC=testlab,DC=local",Sales User,Pa55w.rd,testlab Ltd
Ronald,Timberlake,O Fallon,RonaldT,RonaldT@testlab.local,Sales,Ronald Timberlake,"OU=Sales,DC=testlab,DC=local",Sales User,Pa55w.rd,testlab Ltd
Beulah,Hannah,Atlanta,BeulahH,BeulahH@testlab.local,Sales,Beulah Hannah,"OU=Sales,DC=testlab,DC=local",Sales User,Pa55w.rd,testlab Ltd
Danuta,Boller,Richmond,DanutaB,DanutaB@testlab.local,Marketing,Danuta Boller,"OU=Marketing,DC=testlab,DC=local",Marketing User,Pa55w.rd,testlab Ltd
Alan,Jones,Des Moines,AlanJ,AlanJ@testlab.local,Marketing,Alan Jones,"OU=Marketing,DC=testlab,DC=local",Marketing User,Pa55w.rd,testlab Ltd
Darlene,Edwards,Utica,DarleneE,DarleneE@testlab.local,Marketing,Darlene Edwards,"OU=Marketing,DC=testlab,DC=local",Marketing User,Pa55w.rd,testlab Ltd
James,James,Cincinnati,JamesJ,JamesJ@testlab.local,Marketing,James James,"OU=Marketing,DC=testlab,DC=local",Marketing User,Pa55w.rd,testlab Ltd
Pam,Johnson,Logansport,PamJ,PamJ@testlab.local,Marketing,Pam Johnson,"OU=Marketing,DC=testlab,DC=local",Marketing User,Pa55w.rd,testlab Ltd
Raul,Bleau,Parachute,RaulB,RaulB@testlab.local,Marketing,Raul Bleau,"OU=Marketing,DC=testlab,DC=local",Marketing User,Pa55w.rd,testlab Ltd
Earl,Hornberger,Pittsburgh,EarlH,EarlH@testlab.local,Marketing,Earl Hornberger,"OU=Marketing,DC=testlab,DC=local",Marketing User,Pa55w.rd,testlab Ltd
Emilio,Duffy,Chicago,EmilioD,EmilioD@testlab.local,Marketing,Emilio Duffy,"OU=Marketing,DC=testlab,DC=local",Marketing User,Pa55w.rd,testlab Ltd
Maxine,Morin,Denver,MaxineM,MaxineM@testlab.local,Marketing,Maxine Morin,"OU=Marketing,DC=testlab,DC=local",Marketing User,Pa55w.rd,testlab Ltd
Howard,Anderson,Spartansburg,HowardA,HowardA@testlab.local,Marketing,Howard Anderson,"OU=Marketing,DC=testlab,DC=local",Marketing User,Pa55w.rd,testlab Ltd
James,Lown,San Antonio,JamesL,JamesL@testlab.local,Marketing,James Lown,"OU=Marketing,DC=testlab,DC=local",Marketing User,Pa55w.rd,testlab Ltd
Gregory,Danforth,Saint Louis,GregoryD,GregoryD@testlab.local,Marketing,Gregory Danforth,"OU=Marketing,DC=testlab,DC=local",Marketing User,Pa55w.rd,testlab Ltd
Kevin,Davidson,Baton Rouge,KevinD,KevinD@testlab.local,Marketing,Kevin Davidson,"OU=Marketing,DC=testlab,DC=local",Marketing User,Pa55w.rd,testlab Ltd
Robert,Tanner,Decatur,RobertT,RobertT@testlab.local,Marketing,Robert Tanner,"OU=Marketing,DC=testlab,DC=local",Marketing User,Pa55w.rd,testlab Ltd
Alfred,Ramirez,Evansville,AlfredR,AlfredR@testlab.local,Marketing,Alfred Ramirez,"OU=Marketing,DC=testlab,DC=local",Marketing User,Pa55w.rd,testlab Ltd
Donald,Dyke,Stamford,DonaldD,DonaldD@testlab.local,Marketing,Donald Dyke,"OU=Marketing,DC=testlab,DC=local",Marketing User,Pa55w.rd,testlab Ltd
Chris,Davis,Springfield,ChrisD,ChrisD@testlab.local,Marketing,Chris Davis,"OU=Marketing,DC=testlab,DC=local",Marketing User,Pa55w.rd,testlab Ltd
Roosevelt,Brown,Indianapolis,RooseveltB,RooseveltB@testlab.local,Marketing,Roosevelt Brown,"OU=Marketing,DC=testlab,DC=local",Marketing User,Pa55w.rd,testlab Ltd
William,Tarleton,Northampton,WilliamT,WilliamT@testlab.local,Marketing,William Tarleton,"OU=Marketing,DC=testlab,DC=local",Marketing User,Pa55w.rd,testlab Ltd
Marcus,Laflamme,Northampton,MarcusL,MarcusL@testlab.local,Marketing,Marcus Laflamme,"OU=Marketing,DC=testlab,DC=local",Marketing User,Pa55w.rd,testlab Ltd
Alisa,White,Candor,AlisaW,AlisaW@testlab.local,Marketing,Alisa White,"OU=Marketing,DC=testlab,DC=local",Marketing User,Pa55w.rd,testlab Ltd
Elizabeth,Sanders,Knoxville,ElizabethS,ElizabethS@testlab.local,Marketing,Elizabeth Sanders,"OU=Marketing,DC=testlab,DC=local",Marketing User,Pa55w.rd,testlab Ltd
Jeremy,Hernandez,Dedham,JeremyH,JeremyH@testlab.local,Marketing,Jeremy Hernandez,"OU=Marketing,DC=testlab,DC=local",Marketing User,Pa55w.rd,testlab Ltd
Diane,Scott,Genoa,DianeS,DianeS@testlab.local,Marketing,Diane Scott,"OU=Marketing,DC=testlab,DC=local",Marketing User,Pa55w.rd,testlab Ltd
Ashley,Wooley,Corpus Christi,AshleyW,AshleyW@testlab.local,Marketing,Ashley Wooley,"OU=Marketing,DC=testlab,DC=local",Marketing User,Pa55w.rd,testlab Ltd
Russell,Fife,Seven Springs,RussellF,RussellF@testlab.local,Marketing,Russell Fife,"OU=Marketing,DC=testlab,DC=local",Marketing User,Pa55w.rd,testlab Ltd
Peter,Anderson,Orem,PeterA,PeterA@testlab.local,Marketing,Peter Anderson,"OU=Marketing,DC=testlab,DC=local",Marketing User,Pa55w.rd,testlab Ltd
Billy,Millar,Asheville,BillyM,BillyM@testlab.local,Marketing,Billy Millar,"OU=Marketing,DC=testlab,DC=local",Marketing User,Pa55w.rd,testlab Ltd
Clarence,Reese,Duluth,ClarenceR,ClarenceR@testlab.local,Marketing,Clarence Reese,"OU=Marketing,DC=testlab,DC=local",Marketing User,Pa55w.rd,testlab Ltd
Richard,Cram,Carlisle,RichardC,RichardC@testlab.local,Marketing,Richard Cram,"OU=Marketing,DC=testlab,DC=local",Marketing User,Pa55w.rd,testlab Ltd
Carmen,Schwartz,Homer,CarmenS,CarmenS@testlab.local,Marketing,Carmen Schwartz,"OU=Marketing,DC=testlab,DC=local",Marketing User,Pa55w.rd,testlab Ltd
Patricia,Ballard,Douglas,PatriciaB,PatriciaB@testlab.local,Marketing,Patricia Ballard,"OU=Marketing,DC=testlab,DC=local",Marketing User,Pa55w.rd,testlab Ltd
Arthur,McMichael,Tampa,ArthurM,ArthurM@testlab.local,Marketing,Arthur McMichael,"OU=Marketing,DC=testlab,DC=local",Marketing User,Pa55w.rd,testlab Ltd
Dallas,Schaff,Bristol,DallasS,DallasS@testlab.local,Marketing,Dallas Schaff,"OU=Marketing,DC=testlab,DC=local",Marketing User,Pa55w.rd,testlab Ltd
Danny,Frazer,Truth Or Consequences,DannyF,DannyF@testlab.local,Marketing,Danny Frazer,"OU=Marketing,DC=testlab,DC=local",Marketing User,Pa55w.rd,testlab Ltd
Joseph,Felix,Keizer,JosephF,JosephF@testlab.local,Marketing,Joseph Felix,"OU=Marketing,DC=testlab,DC=local",Marketing User,Pa55w.rd,testlab Ltd
Paul,Powell,Penns Neck,PaulP,PaulP@testlab.local,Marketing,Paul Powell,"OU=Marketing,DC=testlab,DC=local",Marketing User,Pa55w.rd,testlab Ltd
Glenn,Anthony,Orlando,GlennA,GlennA@testlab.local,Marketing,Glenn Anthony,"OU=Marketing,DC=testlab,DC=local",Marketing User,Pa55w.rd,testlab Ltd
Richard,Stockton,Houston,RichardS,RichardS@testlab.local,Marketing,Richard Stockton,"OU=Marketing,DC=testlab,DC=local",Marketing User,Pa55w.rd,testlab Ltd
Mary,Williams,Garden City,MaryW,MaryW@testlab.local,Marketing,Mary Williams,"OU=Marketing,DC=testlab,DC=local",Marketing User,Pa55w.rd,testlab Ltd
Regina,Mack,Princeton,ReginaM,ReginaM@testlab.local,Marketing,Regina Mack,"OU=Marketing,DC=testlab,DC=local",Marketing User,Pa55w.rd,testlab Ltd
Crystal,Hunt,Minneapolis,CrystalH,CrystalH@testlab.local,Research,Crystal Hunt,"OU=Research,DC=testlab,DC=local",Research User,Pa55w.rd,testlab Ltd
Dean,Bergeron,Modesto,DeanB,DeanB@testlab.local,Research,Dean Bergeron,"OU=Research,DC=testlab,DC=local",Research User,Pa55w.rd,testlab Ltd
Cathleen,Turner,Tukwila,CathleenT,CathleenT@testlab.local,Research,Cathleen Turner,"OU=Research,DC=testlab,DC=local",Research User,Pa55w.rd,testlab Ltd
Edna,McDonald,Milnor,EdnaM,EdnaM@testlab.local,Research,Edna McDonald,"OU=Research,DC=testlab,DC=local",Research User,Pa55w.rd,testlab Ltd
David,Lacy,Rochelle Park,DavidL,DavidL@testlab.local,Research,David Lacy,"OU=Research,DC=testlab,DC=local",Research User,Pa55w.rd,testlab Ltd
Patrick,Whelan,Mayfield Heights,PatrickW,PatrickW@testlab.local,Research,Patrick Whelan,"OU=Research,DC=testlab,DC=local",Research User,Pa55w.rd,testlab Ltd
Nancy,Champlin,Rochelle Park,NancyC,NancyC@testlab.local,Research,Nancy Champlin,"OU=Research,DC=testlab,DC=local",Research User,Pa55w.rd,testlab Ltd
Cynthia,Hutchens,Eau Claire,CynthiaH,CynthiaH@testlab.local,Research,Cynthia Hutchens,"OU=Research,DC=testlab,DC=local",Research User,Pa55w.rd,testlab Ltd
Daniel,Thornton,Charleston,DanielT,DanielT@testlab.local,Research,Daniel Thornton,"OU=Research,DC=testlab,DC=local",Research User,Pa55w.rd,testlab Ltd
John,Acosta,New York,JohnA,JohnA@testlab.local,Research,John Acosta,"OU=Research,DC=testlab,DC=local",Research User,Pa55w.rd,testlab Ltd
Glenda,Mosely,New York,GlendaM,GlendaM@testlab.local,Research,Glenda Mosely,"OU=Research,DC=testlab,DC=local",Research User,Pa55w.rd,testlab Ltd
Bernard,Warner,Milwaukee,BernardW,BernardW@testlab.local,Research,Bernard Warner,"OU=Research,DC=testlab,DC=local",Research User,Pa55w.rd,testlab Ltd
Olympia,Esteves,Floral Park,OlympiaE,OlympiaE@testlab.local,Research,Olympia Esteves,"OU=Research,DC=testlab,DC=local",Research User,Pa55w.rd,testlab Ltd
Adalberto,Nunn,Bloomfield Township,AdalbertoN,AdalbertoN@testlab.local,Research,Adalberto Nunn,"OU=Research,DC=testlab,DC=local",Research User,Pa55w.rd,testlab Ltd
Stephen,Mohr,Gainesville,StephenM,StephenM@testlab.local,Research,Stephen Mohr,"OU=Research,DC=testlab,DC=local",Research User,Pa55w.rd,testlab Ltd
Jamie,Martinez,Las Vegas,JamieM,JamieM@testlab.local,Research,Jamie Martinez,"OU=Research,DC=testlab,DC=local",Research User,Pa55w.rd,testlab Ltd
Gary,Lytle,Albany,GaryL,GaryL@testlab.local,Research,Gary Lytle,"OU=Research,DC=testlab,DC=local",Research User,Pa55w.rd,testlab Ltd
Luis,Johnson,Milwaukee,LuisJ,LuisJ@testlab.local,Research,Luis Johnson,"OU=Research,DC=testlab,DC=local",Research User,Pa55w.rd,testlab Ltd
Karen,Baulocal,Ackley,KarenB,KarenB@testlab.local,Research,Karen Baulocal,"OU=Research,DC=testlab,DC=local",Research User,Pa55w.rd,testlab Ltd
Steven,Peters,Wichita,StevenP,StevenP@testlab.local,Research,Steven Peters,"OU=Research,DC=testlab,DC=local",Research User,Pa55w.rd,testlab Ltd
Edward,Johnson,Gary,EdwardJ,EdwardJ@testlab.local,Research,Edward Johnson,"OU=Research,DC=testlab,DC=local",Research User,Pa55w.rd,testlab Ltd
Temeka,Cabezas,San Luis Obispo,TemekaC,TemekaC@testlab.local,Research,Temeka Cabezas,"OU=Research,DC=testlab,DC=local",Research User,Pa55w.rd,testlab Ltd
Zachary,Riley,Muncie,ZacharyR,ZacharyR@testlab.local,Research,Zachary Riley,"OU=Research,DC=testlab,DC=local",Research User,Pa55w.rd,testlab Ltd
Nancy,Warne,Albany,NancyW,NancyW@testlab.local,Research,Nancy Warne,"OU=Research,DC=testlab,DC=local",Research User,Pa55w.rd,testlab Ltd
Samantha,Novello,Indianapolis,SamanthaN,SamanthaN@testlab.local,Research,Samantha Novello,"OU=Research,DC=testlab,DC=local",Research User,Pa55w.rd,testlab Ltd
Michael,Williams,Hinsdale,MichaelW,MichaelW@testlab.local,Research,Michael Williams,"OU=Research,DC=testlab,DC=local",Research User,Pa55w.rd,testlab Ltd
Sharon,Hollis,Philadelphia,SharonH,SharonH@testlab.local,Research,Sharon Hollis,"OU=Research,DC=testlab,DC=local",Research User,Pa55w.rd,testlab Ltd
Daniel,Toliver,Chicopee,DanielT,DanielT@testlab.local,Research,Daniel Toliver,"OU=Research,DC=testlab,DC=local",Research User,Pa55w.rd,testlab Ltd
Gilbert,Freeland,Seal Beach,GilbertF,GilbertF@testlab.local,Research,Gilbert Freeland,"OU=Research,DC=testlab,DC=local",Research User,Pa55w.rd,testlab Ltd
Dorthey,Marshall,Laona,DortheyM,DortheyM@testlab.local,Research,Dorthey Marshall,"OU=Research,DC=testlab,DC=local",Research User,Pa55w.rd,testlab Ltd
Douglas,Woods,Harrisburg,DouglasW,DouglasW@testlab.local,Research,Douglas Woods,"OU=Research,DC=testlab,DC=local",Research User,Pa55w.rd,testlab Ltd
Lynette,Baker,Bryan,LynetteB,LynetteB@testlab.local,Research,Lynette Baker,"OU=Research,DC=testlab,DC=local",Research User,Pa55w.rd,testlab Ltd
Una,Sparks,West Palm Beach,UnaS,UnaS@testlab.local,Research,Una Sparks,"OU=Research,DC=testlab,DC=local",Research User,Pa55w.rd,testlab Ltd
Julian,McSwain,Talocala,JulianM,JulianM@testlab.local,Research,Julian McSwain,"OU=Research,DC=testlab,DC=local",Research User,Pa55w.rd,testlab Ltd
Marlene,James,Columbus,MarleneJ,MarleneJ@testlab.local,Research,Marlene James,"OU=Research,DC=testlab,DC=local",Research User,Pa55w.rd,testlab Ltd
Shawn,Williams,Sheboygan Falls,ShawnW,ShawnW@testlab.local,Research,Shawn Williams,"OU=Research,DC=testlab,DC=local",Research User,Pa55w.rd,testlab Ltd
Ricky,Chase,Columbia,RickyC,RickyC@testlab.local,Research,Ricky Chase,"OU=Research,DC=testlab,DC=local",Research User,Pa55w.rd,testlab Ltd
Manuel,Sumner,Dallas,ManuelS,ManuelS@testlab.local,Research,Manuel Sumner,"OU=Research,DC=testlab,DC=local",Research User,Pa55w.rd,testlab Ltd
Charles,Paisley,Princeton,CharlesP,CharlesP@testlab.local,Research,Charles Paisley,"OU=Research,DC=testlab,DC=local",Research User,Pa55w.rd,testlab Ltd
Grace,Brown,Saginaw,GraceB,GraceB@testlab.local,Finance,Grace Brown,"OU=Finance,DC=testlab,DC=local",Finance User,Pa55w.rd,testlab Ltd
Darby,Robles,Pittsburgh,DarbyR,DarbyR@testlab.local,Finance,Darby Robles,"OU=Finance,DC=testlab,DC=local",Finance User,Pa55w.rd,testlab Ltd
Michael,Simonds,San Antonio,MichaelS,MichaelS@testlab.local,Finance,Michael Simonds,"OU=Finance,DC=testlab,DC=local",Finance User,Pa55w.rd,testlab Ltd
Marie,Olivar,Johnson City,MarieO,MarieO@testlab.local,Finance,Marie Olivar,"OU=Finance,DC=testlab,DC=local",Finance User,Pa55w.rd,testlab Ltd
Aaron,Green,Philadelphia,AaronG,AaronG@testlab.local,Finance,Aaron Green,"OU=Finance,DC=testlab,DC=local",Finance User,Pa55w.rd,testlab Ltd
Robert,Newton,Cleveland,RobertN,RobertN@testlab.local,Finance,Robert Newton,"OU=Finance,DC=testlab,DC=local",Finance User,Pa55w.rd,testlab Ltd
Jean,Rethman,Lexington,JeanR,JeanR@testlab.local,Finance,Jean Rethman,"OU=Finance,DC=testlab,DC=local",Finance User,Pa55w.rd,testlab Ltd
Alexander,Harris,Las Vegas,AlexanderH,AlexanderH@testlab.local,Finance,Alexander Harris,"OU=Finance,DC=testlab,DC=local",Finance User,Pa55w.rd,testlab Ltd
Carlos,Williamson,Sharon,CarlosW,CarlosW@testlab.local,Finance,Carlos Williamson,"OU=Finance,DC=testlab,DC=local",Finance User,Pa55w.rd,testlab Ltd
Betty,Jones,Pompano Beach,BettyJ,BettyJ@testlab.local,Finance,Betty Jones,"OU=Finance,DC=testlab,DC=local",Finance User,Pa55w.rd,testlab Ltd
Edna,Morales,Lake Providence,EdnaM,EdnaM@testlab.local,Finance,Edna Morales,"OU=Finance,DC=testlab,DC=local",Finance User,Pa55w.rd,testlab Ltd
Laura,Vasquez,Dallas,LauraV,LauraV@testlab.local,Finance,Laura Vasquez,"OU=Finance,DC=testlab,DC=local",Finance User,Pa55w.rd,testlab Ltd
Robert,Vaught,Albany,RobertV,RobertV@testlab.local,Finance,Robert Vaught,"OU=Finance,DC=testlab,DC=local",Finance User,Pa55w.rd,testlab Ltd
Laura,McClendon,Las Vegas,LauraM,LauraM@testlab.local,Finance,Laura McClendon,"OU=Finance,DC=testlab,DC=local",Finance User,Pa55w.rd,testlab Ltd
Christopher,Charest,Harvard,ChristopherC,ChristopherC@testlab.local,Finance,Christopher Charest,"OU=Finance,DC=testlab,DC=local",Finance User,Pa55w.rd,testlab Ltd
Moises,Jacoby,Cuba,MoisesJ,MoisesJ@testlab.local,Finance,Moises Jacoby,"OU=Finance,DC=testlab,DC=local",Finance User,Pa55w.rd,testlab Ltd
Sandra,Benson,Portsmouth,SandraB,SandraB@testlab.local,Finance,Sandra Benson,"OU=Finance,DC=testlab,DC=local",Finance User,Pa55w.rd,testlab Ltd
Janice,Burgin,Ashley,JaniceB,JaniceB@testlab.local,Finance,Janice Burgin,"OU=Finance,DC=testlab,DC=local",Finance User,Pa55w.rd,testlab Ltd
Teresa,Grayson,Manhattan,TeresaG,TeresaG@testlab.local,Finance,Teresa Grayson,"OU=Finance,DC=testlab,DC=local",Finance User,Pa55w.rd,testlab Ltd
Katelyn,Graham,Baker,KatelynG,KatelynG@testlab.local,Finance,Katelyn Graham,"OU=Finance,DC=testlab,DC=local",Finance User,Pa55w.rd,testlab Ltd
Yolanda,Marshall,Ontario,YolandaM,YolandaM@testlab.local,Finance,Yolanda Marshall,"OU=Finance,DC=testlab,DC=local",Finance User,Pa55w.rd,testlab Ltd
Sandra,Spencer,Miami,SandraS,SandraS@testlab.local,Finance,Sandra Spencer,"OU=Finance,DC=testlab,DC=local",Finance User,Pa55w.rd,testlab Ltd
Nathan,Rowe,Flushing,NathanR,NathanR@testlab.local,Finance,Nathan Rowe,"OU=Finance,DC=testlab,DC=local",Finance User,Pa55w.rd,testlab Ltd
Maxine,McKay,Schaumburg,MaxineM,MaxineM@testlab.local,Finance,Maxine McKay,"OU=Finance,DC=testlab,DC=local",Finance User,Pa55w.rd,testlab Ltd
Gilbert,Peterson,Corpus Christi,GilbertP,GilbertP@testlab.local,Finance,Gilbert Peterson,"OU=Finance,DC=testlab,DC=local",Finance User,Pa55w.rd,testlab Ltd
Kris,Velez,Hanover,KrisV,KrisV@testlab.local,Finance,Kris Velez,"OU=Finance,DC=testlab,DC=local",Finance User,Pa55w.rd,testlab Ltd
Diane,Turney,Tyler,DianeT,DianeT@testlab.local,Finance,Diane Turney,"OU=Finance,DC=testlab,DC=local",Finance User,Pa55w.rd,testlab Ltd
Ralph,Luckett,Lilburn,RalphL,RalphL@testlab.local,Finance,Ralph Luckett,"OU=Finance,DC=testlab,DC=local",Finance User,Pa55w.rd,testlab Ltd
Mathew,Crawford,Santa Clara,MathewC,MathewC@testlab.local,Finance,Mathew Crawford,"OU=Finance,DC=testlab,DC=local",Finance User,Pa55w.rd,testlab Ltd
Dianna,Isham,West Palm Beach,DiannaI,DiannaI@testlab.local,Finance,Dianna Isham,"OU=Finance,DC=testlab,DC=local",Finance User,Pa55w.rd,testlab Ltd
Samatha,Blaise,Knightstown,SamathaB,SamathaB@testlab.local,Finance,Samatha Blaise,"OU=Finance,DC=testlab,DC=local",Finance User,Pa55w.rd,testlab Ltd
Guillermo,Cote,Greenville,GuillermoC,GuillermoC@testlab.local,Finance,Guillermo Cote,"OU=Finance,DC=testlab,DC=local",Finance User,Pa55w.rd,testlab Ltd
Douglas,Anderson,Philadelphia,DouglasA,DouglasA@testlab.local,Finance,Douglas Anderson,"OU=Finance,DC=testlab,DC=local",Finance User,Pa55w.rd,testlab Ltd
Elizabeth,Yeldell,Clinton,ElizabethY,ElizabethY@testlab.local,Finance,Elizabeth Yeldell,"OU=Finance,DC=testlab,DC=local",Finance User,Pa55w.rd,testlab Ltd
Jill,Randall,Elgin,JillR,JillR@testlab.local,Finance,Jill Randall,"OU=Finance,DC=testlab,DC=local",Finance User,Pa55w.rd,testlab Ltd
Mary,McMahon,Memphis,MaryM,MaryM@testlab.local,Finance,Mary McMahon,"OU=Finance,DC=testlab,DC=local",Finance User,Pa55w.rd,testlab Ltd
Kurt,Taylor,Austin,KurtT,KurtT@testlab.local,Finance,Kurt Taylor,"OU=Finance,DC=testlab,DC=local",Finance User,Pa55w.rd,testlab Ltd
Jeanette,Little,Wilmington,JeanetteL,JeanetteL@testlab.local,Finance,Jeanette Little,"OU=Finance,DC=testlab,DC=local",Finance User,Pa55w.rd,testlab Ltd
Nancy,Showalter,Dos Palos,NancyS,NancyS@testlab.local,Finance,Nancy Showalter,"OU=Finance,DC=testlab,DC=local",Finance User,Pa55w.rd,testlab Ltd
Christina,Brooks,Anaheim,ChristinaB,ChristinaB@testlab.local,Finance,Christina Brooks,"OU=Finance,DC=testlab,DC=local",Finance User,Pa55w.rd,testlab Ltd
Doris,Goodrich,Clearwater,DorisG,DorisG@testlab.local,Finance,Doris Goodrich,"OU=Finance,DC=testlab,DC=local",Finance User,Pa55w.rd,testlab Ltd
